CplxID,Borough,CplxName,Routes,CplxLat,CplxLong,Hub,Time,PreEntries,NadirEntries,LatestEntries,Diff1,DiffPct1,Diff2,DiffPct2
635.0,M,South Ferry / Whitehall,R W 1,40.703087,-74.012994,1.0,05:00:00-09:00:00,6781.317073170731,488.25,1688.0,-6293.067073170731,-0.9280007121431192,1199.75,2.4572452636968767
86.0,Bk,Cypress Hills,J,40.689941,-73.87255,0.0,08:00:00-12:00:00,388.8048780487805,44.75,117.0,-344.0548780487805,-0.8849037074211153,72.25,1.6145251396648044
85.0,Q,75 St,J Z,40.691324,-73.867139,0.0,08:00:00-12:00:00,991.675,124.5,339.0,-867.175,-0.8744548365139788,214.5,1.7228915662650603
84.0,Q,85 St - Forest Pkwy,J,40.692435,-73.86001,0.0,08:00:00-12:00:00,1090.341463414634,108.25,377.3333333333333,-982.0914634146341,-0.9007191750178954,269.0833333333333,2.4857582755966128
83.0,Q,Woodhaven Blvd,J Z,40.693879,-73.851576,0.0,08:00:00-12:00:00,1256.0243902439024,129.75,357.25,-1126.2743902439024,-0.8966978658951007,227.5,1.7533718689788054
82.0,Q,104 St,J Z,40.695178,-73.84433,0.0,08:00:00-12:00:00,589.5853658536586,70.5,215.5,-519.0853658536586,-0.8804244404914574,145.0,2.0567375886524824
81.0,Q,111 St,J,40.697418,-73.836345,0.0,08:00:00-12:00:00,416.75,52.0,151.5,-364.75,-0.8752249550089982,99.5,1.9134615384615385
80.0,Q,121 St,J Z,40.700492,-73.828294,0.0,08:00:00-12:00:00,554.439024390244,54.0,158.75,-500.43902439024396,-0.9026042583142706,104.75,1.9398148148148149
611.0,M,Times Sq - 42 St / Port Authority Bus Terminal,N Q R W A C E 1 2 3 7 S,40.755905,-73.986504,1.0,06:00:00-10:00:00|08:00:00-12:00:00,39270.39024390244,1580.75,5473.75,-37689.64024390244,-0.9597470259352606,3893.0,2.462755021350625
164.0,M,34 St - Penn Station,A C E,40.752287,-73.993391,1.0,08:00:00-12:00:00,25753.243902439022,580.5,2422.25,-25172.743902439022,-0.9774591503035848,1841.75,3.172695951765719
628.0,M,Fulton St,J Z A C 2 3 4 5,40.709938,-74.007983,1.0,05:00:00-09:00:00|07:00:00-11:00:00,11934.463414634147,877.0,2500.25,-11057.463414634147,-0.9265153388526363,1623.25,1.8509122006841505
276.0,M,5 Av/53 St,E M,40.760167,-73.975224,1.0,06:00:00-10:00:00,691.8048780487804,38.0,128.5,-653.8048780487804,-0.945071217035679,90.5,2.3815789473684212
612.0,M,Lexington Av / 51 St,E M 6,40.758353,-73.970991,1.0,08:00:00-12:00:00,8558.951219512195,266.0,921.5,-8292.951219512195,-0.9689214258642357,655.5,2.4642857142857144
616.0,Q,Jackson Hts-Roosevelt Av / 74 St,E F M R 7,40.746655,-73.891361,0.0,08:00:00-12:00:00,16188.09756097561,1098.75,4530.75,-15089.34756097561,-0.9321260576876718,3432.0,3.1235494880546075
254.0,Q,Jamaica - 179 St,F,40.712646,-73.783817,0.0,08:00:00-12:00:00,6280.463414634146,428.25,1555.5,-5852.213414634146,-0.931812356552841,1127.25,2.6322241681260947
225.0,M,47-50 Sts - Rockefeller Ctr,B D F M,40.758663,-73.981329,1.0,08:00:00-12:00:00,4052.9268292682927,166.0,647.5,-3886.9268292682927,-0.9590419449960883,481.5,2.9006024096385543
609.0,M,42 St - Bryant Pk / 5 Av,B D F M 7,40.754198,-73.984573,1.0,08:00:00-12:00:00,4796.821815718157,223.0,746.25,-4573.821815718157,-0.9535108852137728,523.25,2.346412556053812
607.0,M,34 St - Herald Sq,N Q R W B D F M,40.749533,-73.987899,1.0,08:00:00-12:00:00,21927.39024390244,726.25,2912.25,-21201.14024390244,-0.9668793234433379,2186.0,3.0099827882960413
279.0,Q,Sutphin Blvd - Archer Av - JFK Airport,E J Z,40.700486,-73.807969,0.0,08:00:00-12:00:00,5857.585365853659,528.0,1365.75,-5329.585365853659,-0.9098604686023126,837.75,1.5866477272727273
278.0,Q,Jamaica Center - Parsons/Archer,E J Z,40.702147,-73.801109,0.0,08:00:00-12:00:00,8390.078947368422,989.0,2258.75,-7401.078947368422,-0.8821226824915392,1269.75,1.2838725985844288
333.0,M,Wall St,2 3,40.706821,-74.0091,1.0,08:00:00-12:00:00,3331.048780487805,79.5,273.5,-3251.548780487805,-0.9761336428137333,194.0,2.440251572327044
624.0,M,Chambers St / WTC / Park Place / Cortlandt St,A C E 2 3 R W,40.712582,-74.009781,1.0,05:00:00-09:00:00|08:00:00-12:00:00,9031.268292682926,356.5,1368.75,-8674.768292682926,-0.9605260315111186,1012.25,2.8394109396914446
327.0,M,Chambers St,1 2 3,40.715478,-74.009266,1.0,08:00:00-12:00:00,3007.95,95.0,283.25,-2912.95,-0.9684170282085806,188.25,1.981578947368421
318.0,M,34 St - Penn Station,1 2 3,40.750373,-73.991057,1.0,06:00:00-10:00:00|08:00:00-12:00:00,31061.317073170732,971.0,3438.75,-30090.317073170732,-0.9687392521794028,2467.75,2.541452111225541
306.0,M,125 St,1,40.815581,-73.958372,0.0,08:00:00-12:00:00,1939.7317073170732,133.25,336.75,-1806.4817073170732,-0.9313049327918118,203.5,1.527204502814259
605.0,M,168 St - Washington Hts,A C 1,40.840719,-73.939561,0.0,08:00:00-12:00:00,4413.4390243902435,449.25,1160.75,-3964.1890243902435,-0.8982086310658687,711.5,1.5837506956037841
299.0,M,Dyckman St,1,40.860531,-73.925536,0.0,08:00:00-12:00:00,1846.0,279.5,638.0,-1566.5,-0.8485915492957746,358.5,1.2826475849731664
298.0,M,207 St,1,40.864621,-73.918822,0.0,08:00:00-12:00:00,1490.0975609756097,239.5,414.0,-1250.5975609756097,-0.8392722689625822,174.5,0.7286012526096033
297.0,M,215 St,1,40.869444,-73.915279,0.0,08:00:00-12:00:00,460.5853658536585,46.25,95.75,-414.3353658536585,-0.8995843041728447,49.5,1.0702702702702702
296.0,M,Marble Hill - 225 St,1,40.874561,-73.909831,0.0,08:00:00-12:00:00,1382.9512195121952,180.75,420.0,-1202.2012195121952,-0.8693012468915892,239.25,1.3236514522821576
295.0,Bx,231 St,1,40.878856,-73.904834,0.0,08:00:00-12:00:00,2822.756097560976,242.25,644.0,-2580.506097560976,-0.9141796203330079,401.75,1.6584107327141382
414.0,M,Bowling Green,4 5,40.704817,-74.014065,1.0,08:00:00-12:00:00,4899.170731707317,260.75,785.75,-4638.420731707317,-0.9467767068592993,525.0,2.0134228187919465
413.0,M,Wall St,4 5,40.707557,-74.011862,1.0,06:00:00-10:00:00,2657.512195121951,98.5,296.75,-2559.012195121951,-0.9629352594577727,198.25,2.012690355329949
622.0,M,Brooklyn Bridge-City Hall/Chambers St,J Z 4 5 6,40.713159,-74.003917,1.0,08:00:00-12:00:00,5477.341463414634,259.25,550.5,-5218.091463414634,-0.9526686437696764,291.25,1.1234329797492768
610.0,M,Grand Central - 42 St,4 5 6 7 S,40.751849,-73.976945,1.0,05:00:00-09:00:00|08:00:00-12:00:00,27978.0,732.25,2434.5,-27245.75,-0.9738276502966616,1702.25,2.3246841925571866
613.0,M,Lexington Av / 59 St,N W R 4 5 6,40.762796,-73.967686,1.0,08:00:00-12:00:00,7974.170731707317,413.0,1294.0,-7561.170731707317,-0.9482077806087337,881.0,2.1331719128329296
378.0,Bx,Woodlawn,4,40.886037,-73.878751,0.0,08:00:00-12:00:00,1517.8048780487804,214.0,378.5,-1303.8048780487804,-0.8590069098505544,164.5,0.7686915887850467
434.0,Bx,3 Av - 149 St,2 5,40.816109,-73.917757,0.0,08:00:00-12:00:00,5082.585365853659,731.0,1532.75,-4351.585365853659,-0.8561755588187306,801.75,1.0967852257181943
447.0,Q,Flushing - Main St,7,40.7596,-73.83003,0.0,08:00:00-12:00:00,17665.39024390244,858.0,4293.25,-16807.39024390244,-0.9514304530976238,3435.25,4.003787878787879
337.0,Bk,Nevins St,2 3 4 5,40.688246,-73.980492,0.0,08:00:00-12:00:00,2617.756097560976,188.5,388.75,-2429.256097560976,-0.9279917635658915,200.25,1.0623342175066313
617.0,Bk,Atlantic Av - Barclays Ctr,D N R B Q 2 3 4 5,40.684063,-73.977417,0.0,08:00:00-12:00:00,12707.170731707318,676.0,1785.25,-12031.170731707318,-0.9468016906144793,1109.25,1.6409023668639053
339.0,Bk,Bergen St,2 3,40.680829,-73.975098,0.0,08:00:00-12:00:00,1764.8048780487804,44.25,132.0,-1720.5548780487804,-0.9749264065674365,87.75,1.9830508474576272
340.0,Bk,Grand Army Plaza,2 3,40.675235,-73.971046,0.0,08:00:00-12:00:00,3097.3,81.75,237.75,-3015.55,-0.9736060439737836,156.0,1.908256880733945
341.0,Bk,Eastern Pkwy - Brooklyn Museum,2 3,40.671987,-73.964375,0.0,08:00:00-12:00:00,961.560975609756,26.5,145.25,-935.060975609756,-0.9724406452922078,118.75,4.481132075471698
343.0,Bk,Nostrand Av,3,40.669847,-73.950466,0.0,08:00:00-12:00:00,1596.4,103.25,202.25,-1493.15,-0.935323227261338,99.0,0.9588377723970944
345.0,Bk,Crown Hts - Utica Av,3 4,40.668897,-73.932942,0.0,08:00:00-12:00:00,8687.853658536585,1052.25,2308.0,-7635.6036585365855,-0.8788826283962471,1255.75,1.1933951057258256
346.0,Bk,Sutter Av - Rutland Rd,3,40.664717,-73.92261,0.0,08:00:00-12:00:00,1907.7878787878788,269.5,537.75,-1638.2878787878788,-0.8587369156726019,268.25,0.9953617810760668
347.0,Bk,Saratoga Av,3,40.661453,-73.916327,0.0,08:00:00-12:00:00,1498.658536585366,244.25,475.0,-1254.408536585366,-0.8370209130116364,230.75,0.9447287615148413
348.0,Bk,Rockaway Av,3,40.662549,-73.908946,0.0,08:00:00-12:00:00,1358.5365853658536,243.75,436.75,-1114.7865853658536,-0.8205789946140036,193.0,0.7917948717948718
349.0,Bk,Junius St,3,40.663515,-73.902447,0.0,08:00:00-12:00:00,584.5365853658536,107.5,185.0,-477.0365853658536,-0.8160936326462488,77.5,0.7209302325581395
350.0,Bk,Pennsylvania Av,3,40.664635,-73.894895,0.0,08:00:00-12:00:00,1272.3902439024391,197.5,380.25,-1074.8902439024391,-0.8447803251035118,182.75,0.9253164556962026
351.0,Bk,Van Siclen Av,3,40.665449,-73.889395,0.0,08:00:00-12:00:00,857.4634146341464,137.5,251.75,-719.9634146341464,-0.8396433041301627,114.25,0.8309090909090909
352.0,Bk,New Lots Av,3,40.666235,-73.884079,0.0,08:00:00-12:00:00,1441.9024390243903,259.0,417.0,-1182.9024390243903,-0.8203761967590243,158.0,0.61003861003861
501.0,S,St George,SIR,40.643748,-74.073643,0.0,08:00:00-12:00:00,2634.682926829268,124.0,410.5,-2510.682926829268,-0.9529355131362129,286.5,2.310483870967742
471.0,M,34 St - 11 Av,7,40.755882,-74.00191,1.0,08:00:00-12:00:00,2136.7073170731705,74.25,243.5,-2062.4573170731705,-0.9652502711032476,169.25,2.2794612794612794
8.0,M,5 Av/59 St,N W R,40.764811,-73.973347,1.0,06:00:00-10:00:00,740.5853658536586,45.5,140.25,-695.0853658536586,-0.9385621130285865,94.75,2.0824175824175826
9.0,M,57 St - 7 Av,N Q R W,40.764664,-73.980658,1.0,08:00:00-12:00:00,4908.048780487805,196.0,726.25,-4712.048780487805,-0.9600655965810266,530.25,2.705357142857143
10.0,M,49 St,N R W,40.759901,-73.984139,1.0,08:00:00-12:00:00,3115.951219512195,76.5,289.0,-3039.451219512195,-0.9754489096231821,212.5,2.7777777777777777
13.0,M,28 St,R W,40.745494,-73.988691,1.0,08:00:00-12:00:00,2033.0487804878048,42.75,219.75,-1990.2987804878048,-0.9789724671585388,177.0,4.140350877192983
14.0,M,23 St,R W,40.741303,-73.989344,1.0,08:00:00-12:00:00,3395.1463414634145,102.5,339.25,-3292.6463414634145,-0.9698098433200911,236.75,2.3097560975609754
614.0,M,59 St - Columbus Circle,A B C D 1,40.76811,-73.981891,1.0,08:00:00-12:00:00,11275.390243902439,559.25,1555.0,-10716.140243902439,-0.9504008297803764,995.75,1.7805096110862764
16.0,M,8 St - NYU,R W,40.730328,-73.992629,1.0,08:00:00-12:00:00,3816.0731707317073,58.0,236.75,-3758.0731707317073,-0.9848011300085007,178.75,3.081896551724138
17.0,M,Prince St,R W,40.724329,-73.997702,1.0,08:00:00-12:00:00,1527.0975609756097,28.0,158.75,-1499.0975609756097,-0.9816645637348069,130.75,4.669642857142857
20.0,M,City Hall,R W,40.713282,-74.006978,1.0,08:00:00-12:00:00,839.1219512195122,33.0,99.25,-806.1219512195122,-0.9606731775374956,66.25,2.007575757575758
636.0,Bk,Jay St - MetroTech,R A C F,40.692338,-73.987342,0.0,08:00:00-12:00:00,7359.487804878049,440.75,1046.0,-6918.737804878049,-0.9401113213737701,605.25,1.3732274532047646
6.0,Q,39 Av,N W,40.752882,-73.932755,0.0,08:00:00-12:00:00,979.439024390244,32.0,167.5,-947.439024390244,-0.967328236671066,135.5,4.234375
5.0,Q,36 Av,N W,40.756804,-73.929575,0.0,08:00:00-12:00:00,2196.2926829268295,117.75,467.0,-2078.5426829268295,-0.9463869269722814,349.25,2.9660297239915074
4.0,Q,Broadway,N W,40.76182,-73.925508,0.0,08:00:00-12:00:00,4788.8536585365855,162.75,826.0,-4626.1036585365855,-0.9660148311882777,663.25,4.075268817204301
3.0,Q,30 Av,N W,40.766779,-73.921479,0.0,08:00:00-12:00:00,8217.707317073171,218.5,1043.75,-7999.207317073171,-0.9734110754290259,825.25,3.776887871853547
2.0,Q,Astoria Blvd,N W,40.770258,-73.917843,0.0,0,0.0,0.0,0.0,0.0,0.0,0.0,0.0
1.0,Q,Astoria - Ditmars Blvd,N W,40.775036,-73.912034,0.0,08:00:00-12:00:00,8110.121951219512,251.25,1175.0,-7858.871951219512,-0.9690201945776882,923.75,3.6766169154228856
453.0,Q,82 St - Jackson Hts,7,40.747659,-73.883697,0.0,08:00:00-12:00:00,3883.731707317073,298.5,1069.5,-3585.231707317073,-0.9231409318420176,771.0,2.5829145728643215
451.0,Q,Junction Blvd,7,40.749145,-73.869527,0.0,08:00:00-12:00:00,5904.219512195122,562.75,2270.25,-5341.469512195122,-0.9046868093508983,1707.5,3.034207019102621
44.0,Bk,Church Av,B Q,40.650527,-73.962982,0.0,08:00:00-12:00:00,5780.317073170731,488.0,1331.5,-5292.317073170731,-0.9155755655230323,843.5,1.728483606557377
26.0,Bk,DeKalb Av,B Q R,40.690635,-73.981824,0.0,08:00:00-12:00:00,6341.365853658536,260.0,824.25,-6081.365853658536,-0.958999369221065,564.25,2.1701923076923078
108.0,Q,Middle Village - Metropolitan Av,M,40.711396,-73.889601,0.0,08:00:00-12:00:00,765.9756097560976,68.25,219.75,-697.7256097560976,-0.9108979461869129,151.5,2.21978021978022
151.0,M,145 St,A B C D,40.824783,-73.944216,0.0,08:00:00-12:00:00,7249.975609756098,572.5,1432.5,-6677.475609756098,-0.9210342171041787,860.0,1.502183406113537
153.0,M,125 St,A B C D,40.811109,-73.952343,0.0,08:00:00-12:00:00,7326.219512195122,621.0,1419.5,-6705.219512195122,-0.9152359550561798,798.5,1.285829307568438
621.0,Bk,Broadway Junction,J Z L A C,40.678848,-73.904139,0.0,08:00:00-12:00:00,2214.6341463414633,346.0,715.0,-1868.6341463414633,-0.8437665198237886,369.0,1.0664739884393064
218.0,Bx,167 St,B D,40.833771,-73.91844,0.0,08:00:00-12:00:00,2132.6585365853657,318.0,695.75,-1814.6585365853657,-0.8508903349763836,377.75,1.1878930817610063
601.0,M,14 St / 6 Av,L F M 1 2 3,40.738007,-73.998381,1.0,08:00:00-12:00:00,7207.326829268293,248.0,779.5,-6959.326829268293,-0.965590571112594,531.5,2.1431451612903225
365.0,Bx,Castle Hill Av,6,40.834255,-73.851222,0.0,08:00:00-12:00:00,1795.9756097560976,223.75,530.25,-1572.2256097560976,-0.8754159027636315,306.5,1.3698324022346369
363.0,Bx,Westchester Sq - E Tremont Av,6,40.839892,-73.842952,0.0,08:00:00-12:00:00,1361.2926829268292,163.0,376.0,-1198.2926829268292,-0.880260871123215,213.0,1.3067484662576687
620.0,Bk,Borough Hall / Court St,2 3 4 5 R,40.692404,-73.990151,0.0,08:00:00-12:00:00,9039.024390243903,352.25,974.0,-8686.774390243903,-0.9610300863464651,621.75,1.7650816181689142
356.0,Bk,Church Av,2 5,40.650843,-73.949575,0.0,05:00:00-09:00:00,3851.5853658536585,485.0,1129.75,-3366.5853658536585,-0.8740778266789095,644.75,1.329381443298969
359.0,Bk,Flatbush Av - Brooklyn College,2 5,40.632836,-73.947642,0.0,05:00:00-09:00:00,7417.121951219512,825.25,1968.25,-6591.871951219512,-0.8887371671347114,1143.0,1.3850348379279007
165.0,M,23 St,C E,40.745906,-73.998041,1.0,08:00:00-12:00:00,4643.073170731707,196.75,567.75,-4446.323170731707,-0.9576250485906097,371.0,1.8856416772554003
213.0,Bx,Fordham Rd,B D,40.861296,-73.897749,0.0,08:00:00-12:00:00,2864.8536585365855,402.25,887.0,-2462.6036585365855,-0.8595914319038984,484.75,1.2050963331261653
277.0,M,7 Av,B D E,40.762862,-73.981637,1.0,05:00:00-09:00:00,962.3414634146342,79.5,159.25,-882.8414634146342,-0.9173889902676399,79.75,1.0031446540880504
256.0,Q,Parsons Blvd,F,40.707564,-73.803326,0.0,08:00:00-12:00:00,1751.2439024390244,178.25,557.5,-1572.9939024390244,-0.8982152059163522,379.25,2.1276297335203367
255.0,Q,169 St,F,40.71047,-73.793604,0.0,08:00:00-12:00:00,2225.682926829268,146.0,598.25,-2079.682926829268,-0.9344021566414255,452.25,3.0976027397260273
316.0,M,50 St,1,40.761728,-73.983849,1.0,08:00:00-12:00:00,3413.2926829268295,113.75,294.25,-3299.5426829268295,-0.9666744078030655,180.5,1.5868131868131867
293.0,Bx,Van Cortlandt Park - 242 St,1,40.889248,-73.898583,0.0,08:00:00-12:00:00,2070.3414634146343,176.25,523.75,-1894.0914634146343,-0.9148691154987983,347.5,1.9716312056737588
623.0,M,Canal St,R W N Q J Z 6,40.718697,-74.000977,1.0,05:00:00-09:00:00,2427.9756097560976,121.0,304.25,-2306.9756097560976,-0.9501642440254352,183.25,1.5144628099173554
382.0,Bx,Fordham Rd,4,40.862803,-73.901034,0.0,08:00:00-12:00:00,2314.1951219512193,404.5,787.0,-1909.6951219512193,-0.8252092072258174,382.5,0.9456118665018541
368.0,Bx,Morrison Av- Sound View,6,40.829521,-73.874516,0.0,08:00:00-12:00:00,1687.5365853658536,223.75,501.75,-1463.7865853658536,-0.8674102819812398,278.0,1.2424581005586592
461.0,Q,Queensboro Plaza,7 N W,40.750582,-73.940202,0.0,08:00:00-12:00:00,4242.121951219512,161.25,618.0,-4080.871951219512,-0.9619883629338746,456.75,2.832558139534884
452.0,Q,90 St - Elmhurst Av,7,40.748408,-73.876613,0.0,08:00:00-12:00:00,4655.195121951219,448.25,1713.0,-4206.945121951219,-0.9037097289678985,1264.75,2.8215281650864474
626.0,Bk,Franklin Av / Botanic Garden,S 2 3 4 5,40.670499,-73.958759,0.0,05:00:00-09:00:00|08:00:00-12:00:00,5152.829268292682,278.5,614.5,-4874.329268292682,-0.9459520225687048,336.0,1.2064631956912029
344.0,Bk,Kingston Av,3,40.669399,-73.942161,0.0,08:00:00-12:00:00,1563.2682926829268,120.75,293.5,-1442.5182926829268,-0.9227579804661903,172.75,1.4306418219461698
107.0,M,Broad St,J Z,40.706476,-74.011056,1.0,05:00:00-09:00:00,291.4634146341463,52.5,100.75,-238.96341463414632,-0.8198744769874476,48.25,0.919047619047619
147.0,M,175 St,A,40.847391,-73.939704,0.0,08:00:00-12:00:00,4694.658536585366,213.75,802.75,-4480.908536585366,-0.9544695320577096,589.0,2.7555555555555555
257.0,Q,Sutphin Blvd,F,40.70546,-73.810708,0.0,05:00:00-09:00:00,1550.6410256410256,157.25,595.5,-1393.3910256410256,-0.898590326581232,438.25,2.7869634340222578
236.0,Bk,Bergen St,F G,40.686145,-73.990862,0.0,05:00:00-09:00:00,2666.609756097561,111.5,299.0,-2555.109756097561,-0.9581866076410167,187.5,1.6816143497757847
250.0,Bk,Kings Hwy,F,40.603217,-73.972361,0.0,05:00:00-09:00:00,1412.1707317073171,154.5,480.0,-1257.6707317073171,-0.8905939653534604,325.5,2.1067961165048543
405.0,M,23 St,6,40.739864,-73.986599,1.0,05:00:00-09:00:00,3335.390243902439,146.25,364.0,-3189.140243902439,-0.956152057388977,217.75,1.488888888888889
392.0,M,125 St,4 5 6,40.804138,-73.937594,0.0,05:00:00-09:00:00,5524.365853658536,964.75,1437.25,-4559.615853658536,-0.8253645711460095,472.5,0.4897641876133713
379.0,Bx,Mosholu Pkwy,4,40.87975,-73.884655,0.0,05:00:00-09:00:00,2539.0975609756097,470.5,971.5,-2068.5975609756097,-0.8146979433829957,501.0,1.0648246546227418
463.0,Q,Hunters Point Av,7,40.742216,-73.948916,0.0,05:00:00-09:00:00,2749.175,96.0,419.75,-2653.175,-0.9650804332208753,323.75,3.3723958333333335
358.0,Bk,Newkirk Av,2 5,40.639967,-73.948411,0.0,05:00:00-09:00:00,3194.439024390244,513.5,1007.5,-2680.939024390244,-0.8392519011697157,494.0,0.9620253164556962
54.0,Bk,Sheepshead Bay,B Q,40.586896,-73.954155,0.0,05:00:00-09:00:00,5909.243902439024,367.5,1483.5,-5541.743902439024,-0.9378093024983594,1116.0,3.036734693877551
630.0,Bk,Myrtle - Wyckoff Avs,M L,40.699707,-73.91181,0.0,08:00:00-12:00:00,6206.780487804878,543.5,1560.25,-5663.280487804878,-0.912434473706961,1016.75,1.8707451701931923
167.0,M,W 4 St,A B C D E F M,40.732338,-74.000495,1.0,05:00:00-09:00:00,4556.487804878048,189.0,421.25,-4367.487804878048,-0.9585206834532374,232.25,1.2288359788359788
169.0,M,Canal St,A C E,40.720824,-74.005229,1.0,08:00:00-12:00:00,2390.243902439024,63.25,262.5,-2326.993902439024,-0.9735382653061224,199.25,3.150197628458498
273.0,Q,Queens Plaza,E M R,40.748973,-73.937243,0.0,05:00:00-09:00:00,2715.4634146341464,142.5,367.25,-2572.9634146341464,-0.9475227693247346,224.75,1.5771929824561404
261.0,Q,Forest Hills - 71 Av,E F M R,40.721691,-73.844521,0.0,05:00:00-09:00:00,10079.7,600.0,2177.25,-9479.7,-0.9404744188815143,1577.25,2.62875
625.0,M,Delancey St / Essex St,J M Z F,40.71838,-73.987813,1.0,05:00:00-09:00:00,4949.609756097561,354.75,822.0,-4594.859756097561,-0.9283276828919748,467.25,1.317124735729387
404.0,M,28 St,6,40.74307,-73.984264,1.0,05:00:00-09:00:00,2258.317073170732,189.0,305.5,-2069.317073170732,-0.916309360521001,116.5,0.6164021164021164
396.0,M,96 St,6,40.785672,-73.95107,0.0,05:00:00-09:00:00,3177.9268292682927,309.0,531.0,-2868.9268292682927,-0.9027667984189723,222.0,0.7184466019417476
416.0,Bx,Wakefield - 241 St,2,40.903125,-73.85062,0.0,05:00:00-09:00:00,1759.878048780488,360.75,565.75,-1399.128048780488,-0.7950142055297623,205.0,0.5682605682605683
371.0,Bx,Hunts Point Av,6,40.820948,-73.890549,0.0,05:00:00-09:00:00,3540.829268292683,627.25,1220.5,-2913.579268292683,-0.8228522324934217,593.25,0.9457951375049821
456.0,Q,Woodside - 61 St,7,40.74563,-73.902984,0.0,05:00:00-09:00:00,5866.325,405.5,1688.0,-5460.825,-0.9308766561688961,1282.5,3.1627620221948214
43.0,Bk,Parkside Av,B Q,40.655292,-73.961495,0.0,05:00:00-09:00:00,2388.325,301.75,602.5,-2086.575,-0.8736562235039201,300.75,0.9966859983429992
47.0,Bk,Newkirk Plaza,B Q,40.635082,-73.962793,0.0,05:00:00-09:00:00,4109.365853658536,388.5,1048.5,-3720.8658536585363,-0.9054598656252225,660.0,1.6988416988416988
52.0,Bk,Avenue U,B Q,40.5993,-73.955929,0.0,05:00:00-09:00:00,2838.0731707317073,202.25,857.25,-2635.8231707317073,-0.9287368620070299,655.0,3.238566131025958
58.0,Bk,Coney Island - Stillwell Av,D F N Q,40.577422,-73.981233,0.0,05:00:00-09:00:00,3509.9268292682927,573.25,1312.0,-2936.6768292682927,-0.8366775070010493,738.75,1.2887047535979066
138.0,Bk,Canarsie - Rockaway Pkwy,L,40.646654,-73.90185,0.0,05:00:00-09:00:00,5243.525,195.75,1158.5,-5047.775,-0.9626682432142499,962.75,4.918263090676883
181.0,Bk,Utica Av,A C,40.679364,-73.930729,0.0,05:00:00-09:00:00,5482.292682926829,585.75,951.5,-4896.542682926829,-0.8931560144856612,365.75,0.6244131455399061
215.0,Bx,Tremont Av,B D,40.85041,-73.905227,0.0,05:00:00-09:00:00,4204.205128205128,661.25,1452.25,-3542.955128205128,-0.8427169988534068,791.0,1.196219281663516
212.0,Bx,Kingsbridge Rd,B D,40.866978,-73.893509,0.0,05:00:00-09:00:00,3451.1951219512193,523.75,1229.5,-2927.4451219512193,-0.8482409769680351,705.75,1.3474940334128878
211.0,Bx,Bedford Park Blvd,B D,40.873244,-73.887138,0.0,05:00:00-09:00:00,3070.0731707317073,443.25,1006.75,-2626.8231707317073,-0.855622333621984,563.5,1.2712915961646927
210.0,Bx,Norwood - 205 St,D,40.874811,-73.878855,0.0,05:00:00-09:00:00,3751.487804878049,547.75,1336.25,-3203.737804878049,-0.8539912620033677,788.5,1.439525330899133
259.0,Q,Kew Gardens - Union Tpke,E F,40.714441,-73.831008,0.0,06:30:00-10:30:00,11304.170731707318,652.75,2583.0,-10651.420731707318,-0.9422558261466197,1930.25,2.9571045576407506
307.0,M,116 St - Columbia University,1,40.807722,-73.96411,0.0,05:00:00-09:00:00,1063.219512195122,86.0,114.5,-977.219512195122,-0.9191135988254726,28.5,0.3313953488372093
407.0,M,Astor Pl,6,40.730054,-73.99107,1.0,05:00:00-09:00:00,2783.0,70.25,187.5,-2712.75,-0.9747574559827524,117.25,1.6690391459074734
381.0,Bx,Kingsbridge Rd,4,40.86776,-73.897174,0.0,05:00:00-09:00:00,3026.5853658536585,594.5,1146.75,-2432.0853658536585,-0.803574018857281,552.25,0.9289318755256518
369.0,Bx,Elder Av,6,40.828584,-73.879159,0.0,05:00:00-09:00:00,2668.3414634146343,456.75,1055.75,-2211.5914634146343,-0.8288262554615089,599.0,1.31143951833607
314.0,M,66 St - Lincoln Center,1,40.77344,-73.982209,0.0,05:00:00-09:00:00,2528.560975609756,95.5,225.75,-2433.060975609756,-0.9622314822853064,130.25,1.3638743455497382
502.0,S,Tompkinsville,SIR,40.636949,-74.074835,0.0,06:00:00-10:00:00,186.21951219512195,34.0,69.0,-152.21951219512195,-0.8174197773411919,35.0,1.0294117647058822
312.0,M,79 St,1,40.783934,-73.979917,0.0,05:00:00-09:00:00,2581.9024390243903,70.0,237.0,-2511.9024390243903,-0.972888208732453,167.0,2.3857142857142857
311.0,M,86 St,1,40.788644,-73.976218,0.0,05:00:00-09:00:00,3520.1951219512193,160.0,347.75,-3360.1951219512193,-0.9545479740590876,187.75,1.1734375
310.0,M,96 St,1 2 3,40.793919,-73.972323,0.0,05:00:00-09:00:00,8334.121951219513,519.5,1049.25,-7814.621951219513,-0.9376658989344423,529.75,1.0197305101058711
305.0,M,137 St - City College,1,40.822008,-73.953676,0.0,05:00:00-09:00:00,3434.317073170732,368.75,913.75,-3065.567073170732,-0.892627852308479,545.0,1.4779661016949153
602.0,M,14 St - Union Sq,N Q R W L 4 5 6,40.734836,-73.990688,1.0,05:00:00-09:00:00,9058.658536585366,660.75,1166.25,-8397.908536585366,-0.9270587364198113,505.5,0.7650397275822929
41.0,Bk,7 Av,B Q,40.67705,-73.972367,0.0,05:00:00-09:00:00,3160.4146341463415,81.25,284.25,-3079.1646341463415,-0.9742913480015744,203.0,2.4984615384615383
55.0,Bk,Brighton Beach,B Q,40.577621,-73.961376,0.0,08:00:00-12:00:00,3079.0975609756097,289.0,970.0,-2790.0975609756097,-0.9061413306084297,681.0,2.356401384083045
143.0,M,Inwood - 207 St,A,40.868072,-73.919899,0.0,05:00:00-09:00:00,4021.4146341463415,342.25,833.25,-3679.1646341463415,-0.9148931331044773,491.0,1.4346238130021913
146.0,M,181 St,A,40.851695,-73.937969,0.0,05:00:00-09:00:00,3973.0,258.0,662.75,-3715.0,-0.9350616662471684,404.75,1.568798449612403
618.0,M,14 St / 8 Av,L A C E,40.740388,-74.002104,1.0,05:00:00-09:00:00,3166.5365853658536,197.75,380.75,-2968.7865853658536,-0.9375500662414887,183.0,0.9254108723135271
403.0,M,33 St,6,40.746081,-73.982076,1.0,05:00:00-09:00:00,3453.6585365853657,267.25,400.25,-3186.4085365853657,-0.922618290960452,133.0,0.4976613657623948
399.0,M,68 St - Hunter College,6,40.768141,-73.96387,0.0,05:00:00-09:00:00,1833.121951219512,181.25,272.25,-1651.871951219512,-0.9011249634104154,91.0,0.5020689655172413
398.0,M,77 St,6,40.77362,-73.959874,0.0,05:00:00-09:00:00,3975.6341463414633,248.0,457.25,-3727.6341463414633,-0.9376200146011374,209.25,0.84375
397.0,M,86 St,4 5 6,40.779492,-73.955589,0.0,08:00:00-12:00:00,10039.121951219513,411.5,1232.5,-9627.621951219513,-0.9590103594717253,821.0,1.9951397326852978
395.0,M,103 St,6,40.7906,-73.947478,0.0,05:00:00-09:00:00,2737.0,383.5,681.0,-2353.5,-0.85988308366825,297.5,0.7757496740547588
394.0,M,110 St,6,40.79502,-73.94425,0.0,08:00:00-12:00:00,3152.1951219512193,240.25,662.25,-2911.9451219512193,-0.9237832714329929,422.0,1.7565036420395421
393.0,M,116 St,6,40.798629,-73.941617,0.0,05:00:00-09:00:00,3402.4146341463415,426.0,879.75,-2976.4146341463415,-0.8747948013964257,453.75,1.0651408450704225
380.0,Bx,Bedford Park Blvd - Lehman College,4,40.873412,-73.890064,0.0,08:00:00-12:00:00,1049.658536585366,179.0,346.0,-870.6585365853659,-0.8294683520773306,167.0,0.9329608938547486
46.0,Bk,Cortelyou Rd,B Q,40.640927,-73.963891,0.0,08:00:00-12:00:00,2354.6341463414633,163.0,504.5,-2191.6341463414633,-0.9307748083695877,341.5,2.0950920245398774
144.0,M,Dyckman St,A,40.865491,-73.927271,0.0,05:00:00-09:00:00,2497.3414634146343,219.5,607.0,-2277.8414634146343,-0.9121065328007344,387.5,1.765375854214123
158.0,M,86 St,B C,40.785868,-73.968916,0.0,08:00:00-12:00:00,3019.0243902439024,63.5,310.0,-2955.5243902439024,-0.9789667151397641,246.5,3.8818897637795278
159.0,M,81 St - Museum of Natural History,B C,40.781433,-73.972143,0.0,05:00:00-09:00:00,1369.3170731707316,42.5,110.75,-1326.8170731707316,-0.9689626304727299,68.25,1.6058823529411765
162.0,M,50 St,C E,40.762456,-73.985984,1.0,08:00:00-12:00:00,4327.1463414634145,143.75,351.25,-4183.3963414634145,-0.9667794919199834,207.5,1.4434782608695653
323.0,M,Christopher St - Sheridan Sq,1,40.733422,-74.002906,1.0,08:00:00-12:00:00,2345.439024390244,47.25,195.75,-2298.189024390244,-0.9798545178499007,148.5,3.142857142857143
320.0,M,23 St,1,40.744081,-73.995657,1.0,05:00:00-09:00:00,1446.9268292682927,87.25,172.0,-1359.6768292682927,-0.9396997842357224,84.75,0.9713467048710601
309.0,M,103 St,1,40.799446,-73.968379,0.0,05:00:00-09:00:00,2887.625,176.0,412.5,-2711.625,-0.9390502575646076,236.5,1.34375
308.0,M,Cathedral Pkwy,1,40.803967,-73.966847,0.0,05:00:00-09:00:00,2500.6341463414633,144.25,286.5,-2356.3841463414633,-0.9423146323859314,142.25,0.9861351819757366
303.0,M,157 St,1,40.834041,-73.94489,0.0,05:00:00-09:00:00,3241.170731707317,388.25,855.5,-2852.920731707317,-0.8802130365420504,467.25,1.2034771410173857
619.0,M,Broadway-Lafayette St / Bleecker St,B D F M 6,40.725665,-73.995645,1.0,05:00:00-09:00:00|08:00:00-12:00:00,4232.073170731707,164.5,442.75,-4067.5731707317073,-0.9611301616574935,278.25,1.6914893617021276
604.0,Bx,161 St - Yankee Stadium,B D 4,40.827905,-73.925651,0.0,08:22:00-12:22:00,4846.512195121952,716.0,1289.0,-4130.512195121952,-0.8522648925302078,573.0,0.8002793296089385
42.0,Bk,Prospect Park,B Q,40.661614,-73.962246,0.0,08:00:00-12:00:00,3951.9756097560976,214.25,660.75,-3737.7256097560976,-0.9457866087353655,446.5,2.0840140023337224
32.0,Bk,36 St,D N R,40.655144,-74.003549,0.0,05:00:00-09:00:00,2964.2195121951218,330.75,1023.75,-2633.4695121951218,-0.8884191947866011,693.0,2.0952380952380953
179.0,Bk,Nostrand Av,A C,40.680438,-73.950426,0.0,08:00:00-12:00:00,6667.804878048781,357.25,946.0,-6310.554878048781,-0.9464216475235935,588.75,1.6480055983205038
180.0,Bk,Kingston - Throop Avs,C,40.679921,-73.940858,0.0,08:00:00-12:00:00,2599.048780487805,133.25,312.5,-2465.798780487805,-0.9487312431377333,179.25,1.3452157598499062
188.0,Bk,Euclid Av,A C,40.675377,-73.872106,0.0,08:00:00-12:00:00,3038.7073170731705,422.5,934.25,-2616.2073170731705,-0.8609606138682205,511.75,1.211242603550296
264.0,Q,Woodhaven Blvd,M R,40.733106,-73.869229,0.0,05:00:00-09:00:00,7188.463414634146,643.25,2320.5,-6545.213414634146,-0.9105163422421427,1677.25,2.607462106490478
263.0,Q,63 Dr - Rego Park,M R,40.729846,-73.861604,0.0,08:00:00-12:00:00,5369.878048780488,292.75,1332.0,-5077.128048780488,-0.9454829332546045,1039.25,3.5499573014517507
228.0,M,23 St,F M,40.742878,-73.992821,1.0,08:00:00-12:00:00,4818.414634146342,167.25,571.25,-4651.164634146342,-0.96528941307484,404.0,2.415545590433483
243.0,Bk,Church Av,F,40.644041,-73.979678,0.0,08:00:00-12:00:00,3207.829268292683,249.0,815.5,-2958.829268292683,-0.922377415013572,566.5,2.2751004016064256
603.0,Bx,149 St - Grand Concourse,4 2 5,40.81841,-73.926718,0.0,08:00:00-12:00:00,2607.170731707317,455.5,703.0,-2151.670731707317,-0.8252895391696446,247.5,0.5433589462129528
439.0,M,125 St,2 3,40.807754,-73.945495,0.0,05:00:00-09:00:00,1924.4878048780488,230.25,388.0,-1694.2378048780488,-0.8803577765385785,157.75,0.6851248642779587
438.0,M,135 St,2 3,40.814229,-73.94077,0.0,08:00:00-12:00:00,4147.731707317073,390.25,822.75,-3757.4817073170734,-0.9059124293619198,432.5,1.108263933376041
450.0,Q,103 St - Corona Plaza,7,40.749865,-73.8627,0.0,08:00:00-12:00:00,5353.8,637.0,2028.5,-4716.8,-0.8810190892450223,1391.5,2.184458398744113
354.0,Bk,Sterling St,2 5,40.662742,-73.95085,0.0,08:00:00-12:00:00,2701.390243902439,149.75,446.75,-2551.640243902439,-0.9445655805050697,297.0,1.98330550918197
357.0,Bk,Beverly Rd,2 5,40.645098,-73.948959,0.0,08:00:00-12:00:00,1442.7317073170732,156.0,363.0,-1286.7317073170732,-0.8918717879361645,207.0,1.3269230769230769
51.0,Bk,Kings Hwy,B Q,40.60867,-73.957734,0.0,08:00:00-12:00:00,6497.536585365854,436.0,1679.75,-6061.536585365854,-0.9328976460121847,1243.75,2.852637614678899
35.0,Bk,59 St,N R,40.641362,-74.017881,0.0,08:00:00-12:00:00,2707.945945945946,332.75,901.25,-2375.195945945946,-0.8771208854821646,568.5,1.7084898572501879
36.0,Bk,Bay Ridge Av,R,40.634967,-74.023377,0.0,08:00:00-12:00:00,2577.7804878048782,176.5,612.0,-2401.2804878048782,-0.9315302443962948,435.5,2.4674220963172804
37.0,Bk,77 St,R,40.629742,-74.02551,0.0,08:00:00-12:00:00,2066.2926829268295,105.25,432.75,-1961.0426829268295,-0.9490633631577705,327.5,3.111638954869359
38.0,Bk,86 St,R,40.622687,-74.028398,0.0,08:00:00-12:00:00,3186.048780487805,226.0,756.5,-2960.048780487805,-0.9290657439446367,530.5,2.3473451327433628
39.0,Bk,Bay Ridge - 95 St,R,40.616622,-74.030876,0.0,08:00:00-12:00:00,2020.1951219512196,127.5,445.25,-1892.6951219512196,-0.9368872844931666,317.75,2.492156862745098
175.0,Bk,Hoyt - Schermerhorn Sts,A C G,40.688484,-73.985001,0.0,08:00:00-12:00:00,2456.829268292683,149.0,388.25,-2307.829268292683,-0.939352725106721,239.25,1.6057046979865772
266.0,Q,Elmhurst Av,M R,40.742454,-73.882017,0.0,08:00:00-12:00:00,3763.3414634146343,252.75,1218.25,-3510.5914634146343,-0.932838940484909,965.5,3.8199802176063304
262.0,Q,67 Av,M R,40.726523,-73.852719,0.0,08:00:00-12:00:00,3595.0243902439024,146.5,675.25,-3448.5243902439024,-0.9592492333577574,528.75,3.6092150170648463
237.0,Bk,Carroll St,F G,40.680303,-73.995048,0.0,08:00:00-12:00:00,4542.634146341464,85.0,395.25,-4457.634146341464,-0.9812883896739831,310.25,3.65
388.0,Bx,167 St,4,40.835537,-73.9214,0.0,08:00:00-12:00:00,2271.268292682927,420.25,793.5,-1851.018292682927,-0.8149712205493869,373.25,0.8881618084473528
366.0,Bx,Parkchester,6,40.833226,-73.860816,0.0,05:00:00-09:00:00,7060.804878048781,931.5,2239.75,-6129.304878048781,-0.8680745302995236,1308.25,1.4044551798174987
458.0,Q,46 St,7,40.743132,-73.918435,0.0,08:00:00-12:00:00,4351.975609756098,266.0,980.25,-4085.9756097560976,-0.9388783339217961,714.25,2.6851503759398496
334.0,Bk,Clark St,2 3,40.697466,-73.993086,0.0,08:00:00-12:00:00,1984.8292682926829,31.75,139.25,-1953.0792682926829,-0.98400366192337,107.5,3.3858267716535435
336.0,Bk,Hoyt St,2 3,40.690545,-73.985065,0.0,08:00:00-12:00:00,1425.779810298103,90.75,221.25,-1335.029810298103,-0.9363506206606854,130.5,1.43801652892562
444.0,Bx,Gun Hill Rd,5,40.869526,-73.846384,0.0,08:00:00-12:00:00,1390.2926829268292,151.0,319.75,-1239.2926829268292,-0.8913897757973405,168.75,1.1175496688741722
22.0,M,Rector St,R W,40.70722,-74.013342,1.0,08:00:00-12:00:00,1551.8536585365853,25.0,150.75,-1526.8536585365853,-0.9838902335523214,125.75,5.03
49.0,Bk,Avenue J,B Q,40.625039,-73.960803,0.0,08:00:00-12:00:00,1746.2439024390244,161.25,475.0,-1584.9939024390244,-0.9076589474272305,313.75,1.945736434108527
50.0,Bk,Avenue M,B Q,40.617618,-73.959399,0.0,08:00:00-12:00:00,1699.5853658536585,136.0,436.5,-1563.5853658536585,-0.9199804830446451,300.5,2.2095588235294117
53.0,Bk,Neck Rd,B Q,40.595246,-73.955161,0.0,08:00:00-12:00:00,1630.4878048780488,104.25,393.75,-1526.2378048780488,-0.9360620792819746,289.5,2.776978417266187
28.0,Bk,Union St,R,40.677316,-73.98311,0.0,08:00:00-12:00:00,2766.2926829268295,73.75,268.25,-2692.5426829268295,-0.9733397697014583,194.5,2.6372881355932205
33.0,Bk,45 St,R,40.648939,-74.010006,0.0,08:00:00-12:00:00,2421.3658536585367,192.0,558.75,-2229.3658536585367,-0.9207059107941497,366.75,1.91015625
34.0,Bk,53 St,R,40.645069,-74.014034,0.0,08:00:00-12:00:00,2651.8536585365855,254.25,679.75,-2397.6036585365855,-0.9041236686717069,425.5,1.6735496558505407
61.0,Bk,50 St,D,40.63626,-73.994791,0.0,08:00:00-12:00:00,742.219512195122,65.75,253.75,-676.469512195122,-0.9114143472117249,188.0,2.859315589353612
120.0,Bk,Bedford Av,L,40.717304,-73.956872,0.0,08:00:00-12:00:00,9193.75,168.25,991.0,-9025.5,-0.9816995241332427,822.75,4.890044576523032
127.0,Bk,DeKalb Av,L,40.703811,-73.918425,0.0,08:00:00-12:00:00,3410.390243902439,206.0,813.25,-3204.390243902439,-0.9395963554703703,607.25,2.9478155339805827
214.0,Bx,182-183 Sts,B D,40.856093,-73.900741,0.0,08:00:00-12:00:00,814.0487804878048,119.25,201.75,-694.7987804878048,-0.8535100071907957,82.5,0.6918238993710691
271.0,Q,Steinway St,M R,40.756879,-73.92074,0.0,08:00:00-12:00:00,4732.8536585365855,224.5,870.25,-4508.3536585365855,-0.952565615546749,645.75,2.876391982182628
283.0,Bk,Greenpoint Av,G,40.731352,-73.954449,0.0,08:00:00-12:00:00,3164.6585365853657,126.0,489.25,-3038.6585365853657,-0.9601852779554686,363.25,2.882936507936508
231.0,M,Grand St,B D,40.718267,-73.993753,1.0,08:00:00-12:00:00,4426.487804878048,193.25,945.25,-4233.237804878048,-0.9563423624962807,752.0,3.891332470892626
241.0,Bk,15 St - Prospect Park,F G,40.660365,-73.979493,0.0,08:30:00-12:30:00,1961.121951219512,56.0,224.0,-1905.121951219512,-0.9714449170459916,168.0,3.0
245.0,Bk,18 Av,F,40.629755,-73.976971,0.0,08:00:00-12:00:00,986.609756097561,94.75,325.75,-891.859756097561,-0.9039640552767546,231.0,2.4379947229551453
387.0,Bx,170 St,4,40.840075,-73.917791,0.0,08:00:00-12:00:00,2018.0487804878048,308.75,668.5,-1709.2987804878048,-0.8470056804447668,359.75,1.1651821862348177
384.0,Bx,Burnside Av,4,40.853453,-73.907684,0.0,08:00:00-12:00:00,2388.243902439024,442.0,766.5,-1946.2439024390242,-0.8149267754651851,324.5,0.7341628959276018
367.0,Bx,St Lawrence Av,6,40.831509,-73.867618,0.0,08:00:00-12:00:00,1119.575,159.0,343.25,-960.575,-0.857981823459795,184.25,1.1588050314465408
30.0,Bk,Prospect Av,R,40.665414,-73.992872,0.0,08:00:00-12:00:00,2245.4146341463415,70.75,270.25,-2174.6646341463415,-0.968491342790728,199.5,2.8197879858657244
62.0,Bk,55 St,D,40.631435,-73.995476,0.0,08:00:00-12:00:00,506.7073170731707,52.666666666666664,185.25,-454.040650406504,-0.8960609707180104,132.58333333333334,2.5174050632911396
119.0,M,1 Av,L,40.730953,-73.981628,1.0,08:00:00-12:00:00,4591.90243902439,198.25,664.0,-4393.65243902439,-0.9568261733273844,465.75,2.3493064312736442
122.0,Bk,Graham Av,L,40.714565,-73.944053,0.0,08:00:00-12:00:00,3974.317073170732,128.0,502.0,-3846.317073170732,-0.9677932088347745,374.0,2.921875
123.0,Bk,Grand St,L,40.711926,-73.94067,0.0,08:00:00-12:00:00,1894.8292682926829,117.75,399.5,-1777.0792682926829,-0.9378571980228607,281.75,2.3927813163481955
157.0,M,96 St,B C,40.791642,-73.964696,0.0,08:00:00-12:00:00,2870.756097560976,88.5,338.25,-2782.256097560976,-0.9691718846908692,249.75,2.8220338983050848
173.0,Bk,High St,A C,40.699337,-73.990531,0.0,08:00:00-12:00:00,2376.268292682927,53.5,215.25,-2322.768292682927,-0.9774857072474776,161.75,3.0233644859813085
216.0,Bx,174-175 Sts,B D,40.8459,-73.910136,0.0,08:00:00-12:00:00,1330.3170731707316,220.25,452.75,-1110.0670731707316,-0.8344379663751536,232.5,1.0556186152099887
265.0,Q,Grand Av - Newtown,M R,40.737015,-73.877223,0.0,08:00:00-12:00:00,5668.925,297.25,1494.5,-5371.675,-0.9475650145309736,1197.25,4.027754415475189
258.0,Q,Briarwood - Van Wyck Blvd,E F,40.709179,-73.820574,0.0,08:00:00-12:00:00,1749.3902439024391,96.25,409.0,-1653.1402439024391,-0.9449808295573371,312.75,3.2493506493506494
284.0,Bk,Nassau Av,G,40.724635,-73.951277,0.0,08:00:00-12:00:00,3471.268292682927,70.25,423.0,-3401.018292682927,-0.9797624401006169,352.75,5.0213523131672595
234.0,M,East Broadway,F,40.713715,-73.990173,1.0,08:00:00-12:00:00,3633.439024390244,225.5,690.75,-3407.939024390244,-0.937937585167583,465.25,2.063192904656319
608.0,Bk,4 Av - 9 St,R F G,40.67032,-73.988757,0.0,08:00:00-12:00:00,4258.09756097561,153.75,537.75,-4104.34756097561,-0.9638923256693129,384.0,2.497560975609756
222.0,M,Roosevelt Island,F,40.759145,-73.95326,0.0,08:00:00-12:00:00,2934.682926829268,101.25,493.5,-2833.432926829268,-0.965498828144479,392.25,3.8740740740740742
301.0,M,181 St,1,40.849505,-73.933596,0.0,08:00:00-12:00:00,2863.390243902439,422.5,951.5,-2440.890243902439,-0.852447635840169,529.0,1.2520710059171598
459.0,Q,40 St,7,40.743781,-73.924016,0.0,08:00:00-12:00:00,3628.731707317073,142.25,664.0,-3486.481707317073,-0.9607989756550027,521.75,3.6678383128295255
45.0,Bk,Beverley Rd,B Q,40.644031,-73.964492,0.0,08:00:00-12:00:00,1282.55,101.5,280.0,-1181.05,-0.9208607851545748,178.5,1.7586206896551724
48.0,Bk,Avenue H,B Q,40.62927,-73.961639,0.0,08:00:00-12:00:00,984.0487804878048,79.75,240.0,-904.2987804878048,-0.918957269617806,160.25,2.0094043887147337
56.0,Bk,Ocean Pkwy,Q,40.576312,-73.968501,0.0,08:00:00-12:00:00,874.2439024390244,92.0,287.25,-782.2439024390244,-0.8947662091284455,195.25,2.1222826086956523
124.0,Bk,Montrose Av,L,40.707739,-73.93985,0.0,08:00:00-12:00:00,2307.878048780488,110.5,370.75,-2197.378048780488,-0.9521205203808799,260.25,2.3552036199095023
129.0,Q,Halsey St,L,40.695602,-73.904084,0.0,08:00:00-12:00:00,2450.317073170732,183.75,657.5,-2266.567073170732,-0.9250097050655465,473.75,2.578231292517007
270.0,Q,46 St,M R,40.756312,-73.913333,0.0,05:00:00-09:00:00,3377.6341463414633,206.75,687.0,-3170.8841463414633,-0.9387885155578664,480.25,2.3228536880290207
629.0,Bk,Metropolitan Av / Lorimer St,L G,40.713875,-73.951592,0.0,05:00:00-09:00:00,3675.7073170731705,197.0,625.75,-3478.7073170731705,-0.9464048731287823,428.75,2.1763959390862944
289.0,Bk,Bedford - Nostrand Avs,G,40.689627,-73.953522,0.0,08:00:00-12:00:00,3888.560975609756,153.5,507.75,-3735.060975609756,-0.9605252428950455,354.25,2.307817589576547
238.0,Bk,Smith - 9 Sts,F G,40.67358,-73.995959,0.0,08:00:00-12:00:00,1145.2926829268292,114.5,206.75,-1030.7926829268292,-0.9000255552952702,92.25,0.8056768558951966
252.0,Bk,Avenue X,F,40.58962,-73.97425,0.0,08:00:00-12:00:00,721.2926829268292,70.33333333333333,233.0,-650.9593495934959,-0.9024898837903943,162.66666666666669,2.312796208530806
319.0,M,28 St,1,40.747215,-73.993365,1.0,05:00:00-09:00:00,1054.9512195121952,55.0,155.5,-999.9512195121952,-0.9478648879846485,100.5,1.8272727272727274
304.0,M,145 St,1,40.826551,-73.95036,0.0,08:00:00-12:00:00,2885.951219512195,267.25,660.5,-2618.701219512195,-0.9073962171664244,393.25,1.471468662301216
300.0,M,191 St,1,40.855225,-73.929412,0.0,08:00:00-12:00:00,2160.2820512820513,41.5,204.5,-2118.7820512820513,-0.9807895455246822,163.0,3.927710843373494
383.0,Bx,183 St,4,40.858407,-73.903879,0.0,08:00:00-12:00:00,1467.878048780488,282.25,527.75,-1185.628048780488,-0.8077156339830185,245.5,0.8697962798937112
464.0,Q,Vernon Blvd - Jackson Av,7,40.742626,-73.953581,0.0,08:00:00-12:00:00,6545.658536585366,150.75,662.5,-6394.908536585366,-0.976969467753715,511.75,3.39469320066335
353.0,Bk,President St,2 5,40.667883,-73.950683,0.0,08:00:00-12:00:00,922.0243902439024,83.5,239.75,-838.5243902439024,-0.9094384043594423,156.25,1.8712574850299402
31.0,Bk,25 St,R,40.660397,-73.998091,0.0,08:00:00-12:00:00,1197.878048780488,92.25,242.25,-1105.628048780488,-0.9229888216969031,150.0,1.6260162601626016
126.0,Bk,Jefferson St,L,40.706607,-73.922913,0.0,08:00:00-12:00:00,2184.048780487805,98.5,431.75,-2085.548780487805,-0.9549002747191387,333.25,3.383248730964467
145.0,M,190 St,A,40.859022,-73.93418,0.0,08:00:00-12:00:00,1081.0975609756097,43.0,165.25,-1038.0975609756097,-0.9602256063169768,122.25,2.8430232558139537
160.0,M,72 St,B C,40.775594,-73.97641,0.0,08:00:00-12:00:00,2099.0243902439024,29.75,202.0,-2069.2743902439024,-0.9858267487799209,172.25,5.7899159663865545
168.0,M,Spring St,C E,40.726227,-74.003739,1.0,08:00:00-12:00:00,1827.6829268292684,53.5,181.25,-1774.1829268292684,-0.9707279642356709,127.75,2.3878504672897196
176.0,Bk,Lafayette Av,C,40.686113,-73.973946,0.0,05:00:00-09:00:00,842.4878048780488,40.5,65.5,-801.9878048780488,-0.9519280875455967,25.0,0.6172839506172839
177.0,Bk,Clinton - Washington Avs,C,40.683263,-73.965838,0.0,08:00:00-12:00:00,2918.682926829268,57.5,215.75,-2861.182926829268,-0.9802993331439173,158.25,2.752173913043478
209.0,Q,Far Rockaway - Mott Av,A,40.603995,-73.755405,0.0,08:00:00-12:00:00,915.1463414634146,154.25,304.0,-760.8963414634146,-0.8314477226086725,149.75,0.9708265802269044
288.0,Bk,Myrtle - Willoughby Avs,G,40.694568,-73.949046,0.0,05:00:00-09:00:00,1979.219512195122,219.75,460.5,-1759.469512195122,-0.8889713856164045,240.75,1.0955631399317407
290.0,Bk,Classon Av,G,40.688873,-73.96007,0.0,08:00:00-12:00:00,2177.3658536585367,85.75,267.5,-2091.6158536585367,-0.9606175508558115,181.75,2.119533527696793
240.0,Bk,7 Av,F G,40.666271,-73.980305,0.0,05:00:00-09:00:00,3337.7073170731705,109.25,340.75,-3228.4573170731705,-0.9672679508352454,231.5,2.1189931350114417
242.0,Bk,Fort Hamilton Pkwy,F G,40.650782,-73.975776,0.0,05:00:00-09:00:00,2401.390243902439,79.75,318.5,-2321.640243902439,-0.9667900707923256,238.75,2.993730407523511
324.0,M,Houston St,1,40.728251,-74.005367,1.0,05:00:00-09:00:00,911.0,70.5,119.75,-840.5,-0.9226125137211855,49.25,0.6985815602836879
460.0,Q,33 St,7,40.744587,-73.930997,0.0,08:00:00-12:00:00,1196.7560975609756,45.5,166.25,-1151.2560975609756,-0.9619805571973017,120.75,2.6538461538461537
443.0,Bx,Baychester Av,5,40.878663,-73.838591,0.0,05:00:00-09:00:00,1710.5365853658536,242.5,501.0,-1468.0365853658536,-0.8582316203730109,258.5,1.065979381443299
125.0,Bk,Morgan Av,L,40.706152,-73.933147,0.0,08:00:00-12:00:00,2153.7804878048782,100.0,389.5,-2053.7804878048782,-0.9535700130230451,289.5,2.895
130.0,Bk,Wilson Av,L,40.688764,-73.904046,0.0,08:00:00-12:00:00,1537.4878048780488,123.5,362.5,-1413.9878048780488,-0.9196741596205403,239.0,1.9352226720647774
149.0,M,163 St - Amsterdam Av,C,40.836013,-73.939892,0.0,05:00:00-09:00:00,1497.5121951219512,166.0,359.5,-1331.5121951219512,-0.8891494836965373,193.5,1.1656626506024097
627.0,Bk,Franklin Av,S C,40.681159,-73.956056,0.0,05:00:00-09:00:00,1746.7560975609756,130.0,272.75,-1616.7560975609756,-0.9255763296424033,142.75,1.0980769230769232
269.0,Q,Northern Blvd,M R,40.752885,-73.906006,0.0,05:00:00-09:00:00,2551.9268292682927,188.25,828.75,-2363.6768292682927,-0.9262322109548978,640.5,3.402390438247012
286.0,Bk,Broadway,G,40.706092,-73.950308,0.0,05:00:00-09:00:00,1256.780487804878,158.75,383.0,-1098.030487804878,-0.8736851808725353,224.25,1.4125984251968504
232.0,M,2 Av,F,40.723402,-73.989938,1.0,08:00:00-12:00:00,4279.707317073171,153.0,496.25,-4126.707317073171,-0.964249891718148,343.25,2.2434640522875817
235.0,Bk,York St,F,40.701397,-73.986751,0.0,05:00:00-09:00:00,1354.9,74.5,165.25,-1280.4,-0.9450143922060669,90.75,1.2181208053691275
224.0,M,57 St,F,40.763972,-73.97745,1.0,05:00:00-09:00:00,604.4878048780488,59.0,118.75,-545.4878048780488,-0.9023967075532602,59.75,1.0127118644067796
221.0,Q,21 St - Queensbridge,F,40.754203,-73.942836,0.0,08:00:00-12:00:00,3715.2926829268295,289.0,796.5,-3426.2926829268295,-0.9222133961805852,507.5,1.7560553633217992
329.0,M,Rector St,1,40.707513,-74.013783,1.0,08:00:00-12:00:00,2252.6341463414633,33.5,155.5,-2219.1341463414633,-0.9851285216223825,122.0,3.6417910447761193
328.0,M,Cortlandt St,1,40.711835,-74.012188,1.0,05:00:00-09:00:00,1898.3170731707316,107.75,371.5,-1790.5670731707316,-0.9432391977489689,263.75,2.4477958236658934
294.0,Bx,238 St,1,40.884667,-73.90087,0.0,05:00:00-09:00:00,1814.7073170731708,198.25,519.25,-1616.4573170731708,-0.8907537330483986,321.0,1.6191677175283732
391.0,Bx,138 St - Grand Concourse,4 5,40.813224,-73.929849,0.0,08:00:00-12:00:00,813.9268292682926,89.75,86.25,-724.1768292682926,-0.889732102723922,-3.5,-0.03899721448467967
386.0,Bx,Mt Eden Av,4,40.844434,-73.914685,0.0,08:00:00-12:00:00,1309.5365853658536,253.75,439.25,-1055.7865853658536,-0.8062291631744612,185.5,0.7310344827586207
385.0,Bx,176 St,4,40.84848,-73.911794,0.0,08:00:00-12:00:00,1474.4634146341464,281.75,476.75,-1192.7134146341464,-0.8089135361355102,195.0,0.6921029281277729
449.0,Q,111 St,7,40.75173,-73.855334,0.0,08:00:00-12:00:00,3073.731707317073,378.0,1173.5,-2695.731707317073,-0.8770224482832498,795.5,2.1044973544973544
103.0,M,Bowery,J Z,40.72028,-73.993915,1.0,08:00:00-12:00:00,596.7105263157895,29.5,93.75,-567.2105263157895,-0.9505622932745315,64.25,2.1779661016949152
57.0,Bk,W 8 St - NY Aquarium,F Q,40.576127,-73.975939,0.0,08:00:00-12:00:00,622.3170731707318,41.5,194.5,-580.8170731707318,-0.9333137370174407,153.0,3.6867469879518073
131.0,Bk,Bushwick Av - Aberdeen St,L,40.682829,-73.905249,0.0,08:00:00-12:00:00,660.560975609756,72.25,199.0,-588.310975609756,-0.8906232692094672,126.75,1.754325259515571
156.0,M,103 St,B C,40.796092,-73.961454,0.0,05:00:00-09:00:00,1444.1951219512196,93.25,195.75,-1350.9451219512196,-0.9354311626021753,102.5,1.0991957104557641
220.0,M,155 St,B D,40.830135,-73.938209,0.0,05:00:00-09:00:00,1125.6829268292684,209.75,360.0,-915.9329268292684,-0.8136686672588997,150.25,0.7163289630512515
287.0,Bk,Flushing Av,G,40.700377,-73.950234,0.0,05:00:00-09:00:00,568.6341463414634,79.0,175.5,-489.6341463414634,-0.8610706013554088,96.5,1.2215189873417722
291.0,Bk,Clinton - Washington Avs,G,40.688089,-73.966839,0.0,05:00:00-09:00:00,1357.0731707317073,42.5,135.5,-1314.5731707317073,-0.9686826024442847,93.0,2.1882352941176473
292.0,Bk,Fulton St,G,40.687119,-73.975375,0.0,08:00:00-12:00:00,971.560975609756,87.0,220.0,-884.560975609756,-0.9104533815333634,133.0,1.528735632183908
223.0,M,Lexington Av/63 St,F Q,40.764629,-73.966113,0.0,08:00:00-12:00:00,3810.731707317073,181.0,554.25,-3629.731707317073,-0.9525025601638505,373.25,2.0621546961325965
325.0,M,Canal St,1,40.722854,-74.006277,1.0,05:00:00-09:00:00,408.219512195122,13.5,44.25,-394.719512195122,-0.9669295572683276,30.75,2.2777777777777777
321.0,M,18 St,1,40.74104,-73.997871,1.0,08:00:00-12:00:00,1617.878048780488,29.5,131.5,-1588.378048780488,-0.9817662400313569,102.0,3.457627118644068
409.0,M,Spring St,6,40.722301,-73.997141,1.0,08:00:00-12:00:00,1860.121951219512,49.5,194.25,-1810.621951219512,-0.9733888415393693,144.75,2.9242424242424243
441.0,M,Central Park North (110 St),2 3,40.799075,-73.951822,0.0,08:00:00-12:00:00,2616.9268292682927,164.25,411.25,-2452.6768292682927,-0.9372355397319515,247.0,1.5038051750380517
440.0,M,116 St,2 3,40.802098,-73.949625,0.0,05:00:00-09:00:00,2764.878048780488,274.25,555.0,-2490.628048780488,-0.9008093683839097,280.75,1.023701002734731
370.0,Bx,Whitlock Av,6,40.826525,-73.886283,0.0,08:00:00-12:00:00,497.9024390243902,85.25,179.25,-412.6524390243902,-0.8287817184285294,94.0,1.1026392961876832
364.0,Bx,Zerega Av,6,40.836488,-73.847036,0.0,05:00:00-09:00:00,1062.2,117.5,330.25,-944.7,-0.8893805309734514,212.75,1.8106382978723403
457.0,Q,52 St,7,40.744149,-73.912549,0.0,05:00:00-09:00:00,2352.951219512195,178.25,671.0,-2174.701219512195,-0.9242440733484674,492.75,2.76437587657784
448.0,Q,Mets - Willets Point,7,40.754622,-73.845625,0.0,05:00:00-09:00:00,714.0,40.25,185.5,-673.75,-0.9436274509803921,145.25,3.608695652173913
446.0,Bx,Morris Park,5,40.854364,-73.860495,0.0,05:00:00-09:00:00,1407.0975609756097,119.0,416.75,-1288.0975609756097,-0.915428749718327,297.75,2.5021008403361344
118.0,M,3 Av,L,40.732849,-73.986122,1.0,08:00:00-12:00:00,642.8048780487804,70.75,143.5,-572.0548780487804,-0.8899354961107949,72.75,1.028268551236749
150.0,M,155 St,C,40.830518,-73.941514,0.0,05:00:00-09:00:00,945.0,90.5,178.75,-854.5,-0.9042328042328043,88.25,0.9751381215469613
152.0,M,135 St,B C,40.817894,-73.947649,0.0,05:00:00-09:00:00,1371.3658536585365,99.75,255.5,-1271.6158536585365,-0.9272622985807277,155.75,1.5614035087719298
154.0,M,116 St,B C,40.805085,-73.954882,0.0,05:00:00-09:00:00,1848.2926829268292,133.25,313.75,-1715.0426829268292,-0.9279064396938507,180.5,1.3545966228893058
155.0,M,Cathedral Pkwy (110 St),B C,40.800603,-73.958161,0.0,05:00:00-09:00:00,2133.8536585365855,125.25,323.5,-2008.6036585365855,-0.9413033787490855,198.25,1.5828343313373254
204.0,Q,Beach 67 St,A,40.590927,-73.796924,0.0,08:00:00-12:00:00,595.5853658536586,98.75,195.5,-496.8353658536586,-0.8341967320529097,96.75,0.979746835443038
205.0,Q,Beach 60 St,A,40.592374,-73.788522,0.0,08:00:00-12:00:00,491.5609756097561,85.5,160.5,-406.0609756097561,-0.8260643048526347,75.0,0.8771929824561403
206.0,Q,Beach 44 St,A,40.592943,-73.776013,0.0,08:00:00-12:00:00,177.3170731707317,31.75,70.75,-145.5670731707317,-0.8209422283356258,39.0,1.2283464566929134
207.0,Q,Beach 36 St,A,40.595398,-73.768175,0.0,08:00:00-12:00:00,249.4390243902439,43.0,80.5,-206.4390243902439,-0.8276131807959324,37.5,0.872093023255814
272.0,Q,36 St,M R,40.752039,-73.928781,0.0,05:00:00-09:00:00,607.125,43.5,144.0,-563.625,-0.9283508338480544,100.5,2.310344827586207
268.0,Q,65 St,M R,40.749669,-73.898453,0.0,05:00:00-09:00:00,1384.2682926829268,94.75,419.0,-1289.5182926829268,-0.9315522861421901,324.25,3.4221635883905015
260.0,Q,75 Av,E F,40.718331,-73.837324,0.0,08:00:00-12:00:00,1491.3170731707316,47.5,250.5,-1443.8170731707316,-0.9681489598325265,203.0,4.273684210526316
280.0,Q,Jamaica - Van Wyck,E,40.702566,-73.816859,0.0,05:00:00-09:00:00,1555.780487804878,177.25,633.75,-1378.530487804878,-0.886070045620581,456.5,2.5754583921015515
326.0,M,Franklin St,1,40.719318,-74.006886,1.0,05:00:00-09:00:00,259.5853658536585,16.5,46.75,-243.08536585365852,-0.9364370948040965,30.25,1.8333333333333333
437.0,M,145 St,3,40.820421,-73.936245,0.0,08:00:00-12:00:00,1127.8536585365853,112.75,258.25,-1015.1036585365853,-0.9000313567752259,145.5,1.2904656319290466
436.0,M,Harlem - 148 St,3,40.82388,-73.93647,0.0,08:00:00-12:00:00,1304.5365853658536,135.0,269.5,-1169.5365853658536,-0.8965149758815391,134.5,0.9962962962962963
606.0,Q,Court Sq - 23 St,E M G 7,40.747257,-73.945112,0.0,08:00:00-12:00:00,5334.09756097561,186.25,654.0,-5147.84756097561,-0.9650831283322207,467.75,2.5114093959731543
455.0,Q,69 St,7,40.746325,-73.896403,0.0,05:00:00-09:00:00,1558.658536585366,145.5,546.75,-1413.158536585366,-0.9066504968312339,401.25,2.7577319587628866
133.0,Bk,Atlantic Av,L,40.675345,-73.903097,0.0,08:00:00-12:00:00,371.9268292682927,58.25,109.25,-313.6768292682927,-0.8433831726670601,51.0,0.8755364806866953
134.0,Bk,Sutter Av,L,40.669367,-73.901975,0.0,05:00:00-09:00:00,1221.878048780488,228.5,422.75,-993.3780487804879,-0.8129927939796794,194.25,0.850109409190372
135.0,Bk,Livonia Av,L,40.664038,-73.900571,0.0,05:00:00-09:00:00,1017.9024390243902,258.75,419.5,-759.1524390243902,-0.7458007859299373,160.75,0.621256038647343
100.0,Bk,Hewes St,J M,40.70687,-73.953431,0.0,05:00:00-09:00:00,911.6585365853658,57.25,190.25,-854.4085365853658,-0.9372023650275563,133.0,2.3231441048034935
99.0,Bk,Lorimer St,J M,40.703869,-73.947408,0.0,05:00:00-09:00:00,1522.1707317073171,109.25,326.5,-1412.9207317073171,-0.9282274992388918,217.25,1.988558352402746
193.0,Q,104 St,A,40.681711,-73.837683,0.0,08:00:00-12:00:00,425.0,45.0,152.5,-380.0,-0.8941176470588236,107.5,2.388888888888889
194.0,Q,111 St,A,40.684331,-73.832163,0.0,05:00:00-09:00:00,1592.2439024390244,149.0,527.75,-1443.2439024390244,-0.9064213718942434,378.75,2.541946308724832
195.0,Q,Ozone Park - Lefferts Blvd,A,40.685951,-73.825798,0.0,08:00:00-12:00:00,1867.1707317073171,205.0,628.75,-1662.1707317073171,-0.8902082190349296,423.75,2.067073170731707
197.0,Q,Aqueduct - N Conduit Av,A,40.668234,-73.834058,0.0,05:00:00-09:00:00,476.780487804878,28.0,129.75,-448.780487804878,-0.9412727644771843,101.75,3.6339285714285716
208.0,Q,Beach 25 St,A,40.600066,-73.761353,0.0,08:00:00-12:00:00,392.0975609756098,71.0,139.25,-321.0975609756098,-0.8189226175665588,68.25,0.9612676056338029
282.0,Q,21 St,G,40.744065,-73.949724,0.0,05:00:00-09:00:00,187.58536585365854,23.0,52.0,-164.58536585365854,-0.8773891561565467,29.0,1.2608695652173914
424.0,Bx,Pelham Pkwy,2 5,40.857192,-73.867615,0.0,05:00:00-09:00:00,2784.560975609756,364.5,896.0,-2420.060975609756,-0.869099652263789,531.5,1.458161865569273
423.0,Bx,Allerton Av,2 5,40.865462,-73.867352,0.0,05:00:00-09:00:00,1977.780487804878,303.5,636.75,-1674.280487804878,-0.8465451540899506,333.25,1.0980230642504119
422.0,Bx,Burke Av,2 5,40.871356,-73.867164,0.0,05:00:00-09:00:00,1452.125,193.75,463.5,-1258.375,-0.8665748472066799,269.75,1.392258064516129
421.0,Bx,Gun Hill Rd,2 5,40.87785,-73.866256,0.0,05:00:00-09:00:00,2190.317073170732,428.5,656.5,-1761.8170731707319,-0.8043662238455286,228.0,0.5320886814469078
420.0,Bx,219 St,2 5,40.883895,-73.862633,0.0,05:00:00-09:00:00,1395.560975609756,202.25,419.25,-1193.310975609756,-0.8550761997972666,217.0,1.072929542645241
419.0,Bx,225 St,2 5,40.888022,-73.860341,0.0,05:00:00-09:00:00,1676.9268292682927,274.5,514.0,-1402.4268292682927,-0.8363077057334846,239.5,0.8724954462659381
418.0,Bx,233 St,2 5,40.893193,-73.857473,0.0,05:00:00-09:00:00,1908.9512195121952,332.75,630.75,-1576.2012195121952,-0.8256896265348104,298.0,0.8955672426746807
59.0,Bk,9 Av,D,40.646292,-73.994324,0.0,05:00:00-09:00:00,2078.7073170731705,202.0,798.0,-1876.7073170731705,-0.9028242223708449,596.0,2.9504950495049505
60.0,Bk,Fort Hamilton Pkwy,D,40.640914,-73.994304,0.0,05:00:00-09:00:00,1121.9512195121952,135.75,412.25,-986.2012195121952,-0.8790054347826087,276.5,2.03683241252302
64.0,Bk,71 St,D,40.619589,-73.998864,0.0,08:00:00-12:00:00,2039.219512195122,138.0,523.0,-1901.219512195122,-0.932327050043058,385.0,2.789855072463768
65.0,Bk,79 St,D,40.613501,-74.00061,0.0,08:00:00-12:00:00,2287.725,154.5,539.5,-2133.225,-0.9324656591154968,385.0,2.4919093851132685
66.0,Bk,18 Av,D,40.607954,-74.001736,0.0,08:00:00-12:00:00,2044.9512195121952,134.25,560.25,-1910.7012195121952,-0.9343505122669752,426.0,3.1731843575418996
67.0,Bk,20 Av,D,40.604556,-73.998168,0.0,08:00:00-12:00:00,1666.0975609756097,130.25,464.0,-1535.8475609756097,-0.9218233055189576,333.75,2.5623800383877158
68.0,Bk,Bay Pkwy,D,40.601875,-73.993728,0.0,05:00:00-09:00:00,3228.8,284.5,1075.5,-2944.3,-0.9118867690782954,791.0,2.780316344463972
136.0,Bk,New Lots Av,L,40.658733,-73.899232,0.0,05:00:00-09:00:00,1723.8048780487804,329.25,610.25,-1394.5548780487804,-0.8089981040239969,281.0,0.853454821564161
137.0,Bk,E 105 St,L,40.650573,-73.899485,0.0,05:00:00-09:00:00,1422.075,235.5,407.75,-1186.575,-0.8343969199936713,172.25,0.7314225053078556
98.0,Bk,Flushing Av,J M,40.70026,-73.941126,0.0,05:00:00-09:00:00,1677.8536585365853,240.0,470.0,-1437.8536585365853,-0.8569601116408885,230.0,0.9583333333333334
97.0,Bk,Myrtle Av,J M Z,40.697207,-73.935657,0.0,05:00:00-09:00:00,4011.609756097561,373.75,897.0,-3637.859756097561,-0.906832911792602,523.25,1.4
96.0,Bk,Kosciuszko St,J,40.693342,-73.928814,0.0,05:00:00-09:00:00,1937.2926829268292,149.25,426.0,-1788.0426829268292,-0.9229594984199726,276.75,1.8542713567839195
95.0,Bk,Gates Av,J Z,40.68963,-73.92227,0.0,05:00:00-09:00:00,2392.8536585365855,239.25,580.5,-2153.6036585365855,-0.9000147797812592,341.25,1.426332288401254
94.0,Bk,Halsey St,J,40.68637,-73.916559,0.0,05:00:00-09:00:00,2347.975,236.0,566.25,-2111.975,-0.8994878565572462,330.25,1.3993644067796611
189.0,Bk,Grant Av,A,40.677044,-73.86505,0.0,08:00:00-12:00:00,1864.5121951219512,185.0,548.0,-1679.5121951219512,-0.9007783373667343,363.0,1.962162162162162
190.0,Q,80 St,A,40.679371,-73.858992,0.0,05:00:00-09:00:00,2083.5853658536585,183.5,608.5,-1900.0853658536585,-0.9119306542428038,425.0,2.316076294277929
191.0,Q,88 St,A,40.679843,-73.85147,0.0,05:00:00-09:00:00,1534.878048780488,140.25,387.75,-1394.628048780488,-0.9086246623232163,247.5,1.7647058823529411
192.0,Q,Rockaway Blvd,A,40.680429,-73.843853,0.0,05:00:00-09:00:00,3258.243902439024,383.0,1144.25,-2875.243902439024,-0.8824520166482019,761.25,1.987597911227154
428.0,Bx,174 St,2 5,40.837288,-73.887734,0.0,05:00:00-09:00:00,1757.0731707317073,262.5,541.25,-1494.5731707317073,-0.8506038312048861,278.75,1.061904761904762
427.0,Bx,West Farms Sq - E Tremont Av,2 5,40.840295,-73.880049,0.0,05:00:00-09:00:00,2050.1951219512193,351.25,713.75,-1698.9451219512193,-0.8286748435603988,362.5,1.0320284697508897
426.0,Bx,E 180 St,2 5,40.841894,-73.873488,0.0,05:00:00-09:00:00,3048.0975609756097,445.0,1156.0,-2603.0975609756097,-0.8540072976346702,711.0,1.597752808988764
425.0,Bx,Bronx Park East,2 5,40.848828,-73.868457,0.0,05:00:00-09:00:00,1078.9756097560976,130.75,344.25,-948.2256097560976,-0.8788202450382024,213.5,1.632887189292543
71.0,Bk,8 Av,N,40.635064,-74.011719,0.0,05:00:00-09:00:00,2556.2195121951218,132.25,672.0,-2423.9695121951218,-0.9482634416296932,539.75,4.081285444234404
72.0,Bk,Fort Hamilton Pkwy,N,40.631386,-74.005351,0.0,05:00:00-09:00:00,1857.128205128205,156.75,740.5,-1700.378205128205,-0.9155954879328436,583.75,3.7240829346092506
74.0,Bk,18 Av,N,40.620671,-73.990414,0.0,05:00:00-09:00:00,1575.121951219512,159.0,696.0,-1416.121951219512,-0.8990554351192319,537.0,3.3773584905660377
75.0,Bk,20 Av,N,40.61741,-73.985026,0.0,05:00:00-09:00:00,1684.1707317073171,121.75,548.25,-1562.4207317073171,-0.9277092294101461,426.5,3.5030800821355235
76.0,Bk,Bay Pkwy,N,40.611815,-73.981848,0.0,05:00:00-09:00:00,1888.4878048780488,200.5,748.5,-1687.9878048780488,-0.8938303972723046,548.0,2.733167082294264
77.0,Bk,Kings Hwy,N,40.603923,-73.980353,0.0,05:00:00-09:00:00,2147.560975609756,177.75,728.5,-1969.810975609756,-0.9172316865417377,550.75,3.09845288326301
78.0,Bk,Avenue U,N,40.597473,-73.979137,0.0,05:00:00-09:00:00,1433.3658536585365,110.0,477.75,-1323.3658536585365,-0.9232575551320447,367.75,3.3431818181818183
79.0,Bk,86 St,N,40.592721,-73.97823,0.0,05:00:00-09:00:00,875.7560975609756,111.25,299.25,-764.5060975609756,-0.8729669136077536,188.0,1.6898876404494383
615.0,Bk,62 St / New Utrecht Av,D N,40.625419,-73.996632,0.0,05:00:00-09:00:00,1389.1351351351352,133.5,581.75,-1255.6351351351352,-0.9038970387952838,448.25,3.357677902621723
69.0,Bk,25 Av,D,40.597704,-73.986829,0.0,05:00:00-09:00:00,2245.390243902439,161.5,660.5,-2083.890243902439,-0.9280748634057853,499.0,3.0897832817337463
70.0,Bk,Bay 50 St,D,40.588841,-73.983765,0.0,05:00:00-09:00:00,1170.1951219512196,103.5,353.0,-1066.6951219512196,-0.9115532118887824,249.5,2.4106280193236715
114.0,Bk,Central Av,M,40.697857,-73.927397,0.0,05:00:00-09:00:00,1761.341463414634,123.25,428.25,-1638.091463414634,-0.93002492556948,305.0,2.4746450304259633
111.0,Q,Seneca Av,M,40.702762,-73.90774,0.0,05:00:00-09:00:00,1408.2682926829268,118.75,487.0,-1289.5182926829268,-0.9156765790886576,368.25,3.1010526315789475
110.0,Q,Forest Av,M,40.704423,-73.903077,0.0,05:00:00-09:00:00,2037.9268292682927,182.75,766.5,-1855.1768292682927,-0.9103255340793489,583.75,3.1942544459644324
109.0,Q,Fresh Pond Rd,M,40.706186,-73.895877,0.0,05:00:00-09:00:00,3035.731707317073,278.0,1081.25,-2757.731707317073,-0.9084240549552083,803.25,2.889388489208633
433.0,Bx,Jackson Av,2 5,40.81649,-73.907807,0.0,05:00:00-09:00:00,1683.0,265.5,580.0,-1417.5,-0.8422459893048129,314.5,1.1845574387947269
432.0,Bx,Prospect Av,2 5,40.819585,-73.90177,0.0,05:00:00-09:00:00,2104.731707317073,362.25,687.0,-1742.481707317073,-0.8278878021646928,324.75,0.8964803312629399
431.0,Bx,Intervale Av,2 5,40.822181,-73.896736,0.0,05:00:00-09:00:00,941.4878048780488,177.5,325.0,-763.9878048780488,-0.8114686148027254,147.5,0.8309859154929577
430.0,Bx,Simpson St,2 5,40.824073,-73.893064,0.0,05:00:00-09:00:00,1902.121951219512,405.5,791.0,-1496.621951219512,-0.7868170336081655,385.5,0.9506781750924784
429.0,Bx,Freeman St,2 5,40.829993,-73.891865,0.0,05:00:00-09:00:00,1581.4634146341464,256.25,521.75,-1325.2134146341464,-0.8379665330043183,265.5,1.0360975609756098
141.0,Bk,Park Pl,S,40.674772,-73.957624,0.0,05:00:00-09:00:00,493.5121951219512,38.5,93.5,-455.0121951219512,-0.9219877434021944,55.0,1.4285714285714286
113.0,Bk,Knickerbocker Av,M,40.698664,-73.919711,0.0,05:00:00-09:00:00,1526.4634146341464,144.75,423.25,-1381.7134146341464,-0.9051729647679156,278.5,1.924006908462867
198.0,Q,Howard Beach - JFK Airport,A,40.660476,-73.830301,0.0,08:00:00-12:00:00,436.4634146341463,18.0,59.75,-418.4634146341463,-0.9587594300083823,41.75,2.3194444444444446
199.0,Q,Broad Channel,A S,40.608382,-73.815925,0.0,05:00:00-09:00:00,179.29268292682926,7.5,38.75,-171.79268292682926,-0.9581689566045436,31.25,4.166666666666667
200.0,Q,Beach 90 St,A S,40.588034,-73.813641,0.0,05:00:00-09:00:00,372.4390243902439,35.75,111.25,-336.6890243902439,-0.904011132940406,75.5,2.111888111888112
201.0,Q,Beach 98 St,A S,40.585307,-73.820558,0.0,05:00:00-09:00:00,209.26829268292684,22.75,53.0,-186.51829268292684,-0.8912878787878787,30.25,1.3296703296703296
202.0,Q,Beach 105 St,A S,40.583209,-73.827559,0.0,05:00:00-09:00:00,100.39024390243902,7.75,18.25,-92.64024390243902,-0.9228012633624878,10.5,1.3548387096774193
203.0,Q,Rockaway Park - Beach 116 St,A S,40.580903,-73.835592,0.0,05:00:00-09:00:00,247.26829268292684,34.5,87.0,-212.76829268292684,-0.8604754389425923,52.5,1.5217391304347827
244.0,Bk,Ditmas Av,F,40.636119,-73.978172,0.0,05:00:00-09:00:00,1437.341463414634,130.75,487.25,-1306.591463414634,-0.909033445894351,356.5,2.726577437858509
246.0,Bk,Avenue I,F,40.625322,-73.976127,0.0,05:00:00-09:00:00,453.6829268292683,40.25,148.25,-413.4329268292683,-0.9112816515241116,108.0,2.6832298136645965
247.0,Bk,Bay Pkwy,F,40.620769,-73.975264,0.0,05:00:00-09:00:00,461.3414634146341,69.75,179.75,-391.5914634146341,-0.8488104678826328,110.0,1.5770609318996416
248.0,Bk,Avenue N,F,40.61514,-73.974197,0.0,05:00:00-09:00:00,1225.1951219512196,107.75,402.75,-1117.4451219512196,-0.9120548245177473,295.0,2.737819025522042
249.0,Bk,Avenue P,F,40.608944,-73.973022,0.0,08:00:00-12:00:00,817.7317073170732,83.5,255.0,-734.2317073170732,-0.8978882691562025,171.5,2.053892215568862
251.0,Bk,Avenue U,F,40.596063,-73.973357,0.0,05:00:00-09:00:00,739.780487804878,76.0,241.0,-663.780487804878,-0.897266822722627,165.0,2.1710526315789473
253.0,Bk,Neptune Av,F,40.581011,-73.974574,0.0,05:00:00-09:00:00,538.0731707317074,65.5,169.33333333333334,-472.57317073170736,-0.878269344091383,103.83333333333334,1.5852417302798985
362.0,Bx,Middletown Rd,6,40.843863,-73.836322,0.0,05:00:00-09:00:00,1058.5121951219512,74.25,276.0,-984.2621951219512,-0.9298543745247586,201.75,2.717171717171717
361.0,Bx,Buhre Av,6,40.84681,-73.832569,0.0,05:00:00-09:00:00,2035.5853658536585,159.25,513.0,-1876.3353658536585,-0.9217669754010952,353.75,2.2213500784929354
360.0,Bx,Pelham Bay Park,6,40.852462,-73.828121,0.0,08:00:00-12:00:00,1835.219512195122,223.5,461.0,-1611.719512195122,-0.8782162032853118,237.5,1.0626398210290828
445.0,Bx,Pelham Pkwy,5,40.858985,-73.855359,0.0,05:00:00-09:00:00,1468.575,131.75,410.5,-1336.825,-0.9102871831537375,278.75,2.1157495256166983
442.0,Bx,Eastchester - Dyre Av,5,40.8883,-73.830834,0.0,05:00:00-09:00:00,2140.9024390243903,258.5,635.0,-1882.4024390243903,-0.8792565250578169,376.5,1.4564796905222437
93.0,Bk,Chauncey St,J Z,40.682893,-73.910456,0.0,05:00:00-09:00:00,1069.9024390243903,141.25,309.5,-928.6524390243903,-0.8679786166963024,168.25,1.191150442477876
91.0,Bk,Alabama Av,J,40.676992,-73.898654,0.0,05:00:00-09:00:00,520.8048780487804,93.0,170.25,-427.80487804878044,-0.8214302439938181,77.25,0.8306451612903226
90.0,Bk,Van Siclen Av,J Z,40.678024,-73.891688,0.0,05:00:00-09:00:00,1080.825,176.5,461.75,-904.325,-0.8366988180325214,285.25,1.6161473087818696
89.0,Bk,Cleveland St,J,40.679947,-73.884639,0.0,05:00:00-09:00:00,1240.6829268292684,204.0,468.0,-1036.6829268292684,-0.8355744279311158,264.0,1.2941176470588236
88.0,Bk,Norwood Av,J Z,40.68141,-73.880039,0.0,05:00:00-09:00:00,1330.825,219.25,487.75,-1111.575,-0.8352525688952341,268.5,1.2246294184720639
87.0,Bk,Crescent St,J Z,40.683194,-73.873785,0.0,05:00:00-09:00:00,1967.0,295.75,626.5,-1671.25,-0.849644128113879,330.75,1.1183431952662721
182.0,Bk,Ralph Av,C,40.678822,-73.920786,0.0,05:00:00-09:00:00,2021.3902439024391,310.25,543.0,-1711.1402439024391,-0.8465165244880968,232.75,0.750201450443191
183.0,Bk,Rockaway Av,C,40.67834,-73.911946,0.0,05:00:00-09:00:00,2087.243902439024,299.25,536.75,-1787.9939024390242,-0.8566291176367482,237.5,0.7936507936507936
185.0,Bk,Liberty Av,C,40.674542,-73.896548,0.0,05:00:00-09:00:00,867.609756097561,123.25,239.75,-744.359756097561,-0.8579430450916451,116.5,0.9452332657200812
186.0,Bk,Van Siclen Av,C,40.67271,-73.890358,0.0,05:00:00-09:00:00,1197.3902439024391,193.5,451.75,-1003.8902439024391,-0.838398549691402,258.25,1.334625322997416
187.0,Bk,Shepherd Av,C,40.67413,-73.88075,0.0,05:00:00-09:00:00,1373.6341463414635,220.75,451.0,-1152.8841463414635,-0.8392949093556349,230.25,1.043035107587769
217.0,Bx,170 St,B D,40.839306,-73.9134,0.0,05:00:00-09:00:00,2484.682926829268,413.75,937.25,-2070.932926829268,-0.8334797589131459,523.5,1.2652567975830815
417.0,Bx,Nereid Av,2 5,40.898379,-73.854376,0.0,05:00:00-09:00:00,1460.0487804878048,172.5,457.5,-1287.5487804878048,-0.8818532625037586,285.0,1.6521739130434783
377.0,Bx,3 Av - 138 St,6,40.810476,-73.926138,0.0,05:00:00-09:00:00,2381.0975609756097,312.0,834.5,-2069.0975609756097,-0.8689679897567222,522.5,1.6746794871794872
376.0,Bx,Brook Av,6,40.807566,-73.91924,0.0,05:00:00-09:00:00,1813.5853658536585,318.75,714.0,-1494.8353658536585,-0.824243178180938,395.25,1.24
375.0,Bx,Cypress Av,6,40.805368,-73.914042,0.0,05:00:00-09:00:00,939.219512195122,175.0,329.5,-764.219512195122,-0.8136750805027527,154.5,0.8828571428571429
374.0,Bx,E 143 St - St Mary's St,6,40.808719,-73.907657,0.0,05:00:00-09:00:00,192.0,37.25,75.0,-154.75,-0.8059895833333334,37.75,1.0134228187919463
373.0,Bx,E 149 St,6,40.812118,-73.904098,0.0,05:00:00-09:00:00,1750.9756097560976,328.0,669.25,-1422.9756097560976,-0.8126758601476529,341.25,1.0403963414634145
372.0,Bx,Longwood Av,6,40.816104,-73.896435,0.0,05:00:00-09:00:00,1059.7560975609756,130.5,337.5,-929.2560975609756,-0.8768584579976985,207.0,1.5862068965517242
355.0,Bk,Winthrop St,2 5,40.656652,-73.9502,0.0,05:00:00-09:00:00,1146.9512195121952,237.75,504.25,-909.2012195121952,-0.7927113237639554,266.5,1.120925341745531
313.0,M,72 St,1 2 3,40.778453,-73.98197,0.0,05:00:00-09:00:00,6556.292682926829,279.5,682.0,-6276.792682926829,-0.957369200321419,402.5,1.4400715563506261
101.0,Bk,Marcy Av,J M Z,40.708359,-73.957757,0.0,05:00:00-09:00:00,3439.2195121951218,211.0,572.75,-3228.2195121951218,-0.9386488709860433,361.75,1.7144549763033174
196.0,Q,Aqueduct Racetrack,A,40.672097,-73.835919,0.0,08:00:00-12:00:00,137.58536585365854,2.0,9.25,-135.58536585365854,-0.9854635702889558,7.25,3.625
477.0,M,72 St,Q,40.768799,-73.958424,0.0,05:00:00-09:00:00,5636.8536585365855,289.75,619.75,-5347.1036585365855,-0.9485972108640437,330.0,1.1389128559102675
476.0,M,86 St,Q,40.777891,-73.951787,0.0,05:00:00-09:00:00,8082.756097560976,191.75,661.75,-7891.006097560976,-0.9762766564170033,470.0,2.451108213820078
475.0,M,96 St,Q,40.784318,-73.947152,0.0,05:00:00-09:00:00,6170.707317073171,379.0,971.5,-5791.707317073171,-0.9385807849042882,592.5,1.5633245382585752
